Date;Study_site;Box_nr;Trap_nr;Start_obs;Stop_obs;Duration_obs;Temperature;Weather;Cloud_cover;People;Dogs;Bicycles;Ex_events;Ex_event_description;comments;obs
24.09.2024;Rahnsdorf;6;B_Rahn_11;07:50;08:20;30.00;16;cloudy;100;1;0;3;0;;wood cutter sound fartrer away for a longer period of time;IGR
24.09.2024;Rahnsdorf;5;B_Rahn_14;07:50;08:15;25.00;14;cloudy;95;0;0;0;0;0;Maybe I sat too close to the box;HAC
29.10.2024;Treptower_Park;1;B_Trep_08;07:50;08:20;30.00;12;cloudy;100;7;4;3;1;car went by ;dog was barkink loudly ;IGR
22.10.2024;Treptower_Park;4;B_Trep_09;07:55;08:25;30.00;12;sunny;50;67;1;76;4;3 stroller and 1 suitcase;loud construction work acros street behind box.;JEU
25.10.2024;Treptower_Park;2;B_Trep_14;07:55;08:25;30.00;8;foggy;0;3;1;0;0;;;IGR
25.09.2024;Treptower_Park;1;B_Trep_08;8:00;8:30;30.00;15;cloudy;100;14;7;4;1;dog barking loud close to the box at 8:19;One person trained their dog close to box for 5 min. One person did rope skipping for  entire 30 min close to box. ;JEU
27.09.2024;Rahnsdorf;6;B_Rahn_11;08:00;08:30;30.00;15;sunny, cloudy, dry;50;1;0;1;0;;;TP
27.09.2024;Treptower_Park;3;B_Trep_16;08:00;08:30;30.00;14;sunny;10;8;0;6;2;two cars;8:51 one squirrel runs up tree next to monument into nest. Had white fluffy stuff in its mouth. ;JEU
27.09.2024;Treptower_Park;1;B_Trep_08;08:00;08:30;30.00;14;sunny;0;3;1;0;0;;;TWE
03.10.2024;Treptower_Park;2;B_Trep_14;08:00;08:30;30.00;10;rainy;100;5;3;1;0;;Public holiday, Techno music coming from House Zeller;JEU
03.10.2024;Treptower_Park;4;B_Trep_09;08:00;08:30;30.00;9;cloudy, foggy, rainy;90;34;4;5;1;BSR truck went by but not very loud;noises from behind box from street/trains. National holiday;TPO
04.10.2024;Rahnsdorf;6;B_Rahn_11;08:00;08:30;30.00;10;cloudy;100%;0;0;0;0;0;0;HAC
08.10.2024;Rahnsdorf;6;B_Rahn_11;08:00;08:30;30.00;13;cloudy, rainy;70;0;0;2;2;car came by twice on road leading to foresters house/other traps on this side of forest;road noise;TP
08.10.2024;Rahnsdorf;5;B_Rahn_14;08:00;08:30;30.00;12;cloudy;100%;1;0;0;0;0;At the end there was 1 nut gone! It was sunny in afternoon;HAC
08.10.2024;Treptower_Park;2;B_Trep_14;08:00;08:30;30.00;13;cloudy;90;2;1;2;0;;;IGR
10.10.2024;Rahnsdorf;5;B_Rahn_14;08:00;08:30;30.00;17;cloudy, windy;100%;1;1;0;0;0;0;HAC
11.10.2024;Rahnsdorf;6;B_Rahn_11;08:00;08:30;30.00;7;cloudy;100;0;0;1;0;;;IGR
11.10.2024;Treptower_Park;3;B_Trep_16;08:00;08:30;30.00;7;cloudy;70;8;2;3;1;1 car;;SLA
15.10.2024;Treptower_Park;1;B_Trep_08;08:00;08:30;30.00;5;cloudy, foggy, rainy;30;9;7;6;1;two dogs played loudly on meadow for a while/chased eachother;;TPO
16.10.2024;Treptower_Park;3;B_Trep_04;08:00;08:30;30.00;6;sunny;0;11;5;8;5;2 BSR cars, loud construction noise, Ambulance and mowingwork ;;SDR
17.10.2024;Rahnsdorf;5;B_Rahn_14;08:00;08:30;30.00;8;sunny;10%;1;1;0;1;we saw a fox but it was further then 20m away;puzzle dome, 2 squirrels were running around on the trees together maybe chasing each other;HAC
17.10.2024;Treptower_Park;2;B_Trep_14;08:00;08:30;30.00;7;dry, sunny, windy;0;3;2;0;0;;;TPO
18.10.2024;Treptower_Park;3;B_Trep_04;08:00;08:30;30.00;9;sunny;30;4;4;5;0;;;JEU
22.10.2024;Treptower_Park;1;B_Trep_08;08:00;08:30;30.00;13;foggy, dry;20;6;3;3;0;;still garden + construction work in close surrounding going on;TPO
23.10.2024;Rahnsdorf;6;B_Rahn_11;08:00;08:30;30.00;7;dry;0;1;1;1;0;;;IGR
25.10.2024;Treptower_Park;3;B_Trep_16;08:00;08:30;30.00;7;foggy;0;9;5;2;0;;leave blowing with loud sounds;JEU
30.10.2024;Rahnsdorf;5;B_Rahn_14;08:00;08:30;30.00;13;cloudy, dry;100%;0;0;0;0;0;0;HAC
30.10.2024;Treptower_Park;1;B_Trep_08;08:00;08:30;30.00;14;cloudy;100;3;1;1;0;;;IGR
30.10.2024;Treptower_Park;4;B_Trep_09;08:00;08:30;30.00;13;cloudy;100;60;4;50;2;man with stroller, person with stroller-like vehicle;;TPO
31.10.2024;Rahnsdorf;6;B_Rahn_11;08:00;08:30;30.00;11;cloudy;100;1;1;1;0;0;0;SDR
31.10.2024;Rahnsdorf;5;B_Rahn_14;08:00;08:30;30.00;11;cloudy;100%;2;0;0;0;0;I refilled the batteries;HAC
01.11.2024;Treptower_Park;3;B_Trep_04;08:00;08:30;30.00;10;cloudy;100;9;4;4;0;;;JEU
05.11.2024;Treptower_Park;2;B_Trep_14;08:00;08:30;30.00;6;sunny;0;4;1;1;0;;;MSP
07.11.2024;Rahnsdorf;5;B_Rahn_14;08:00;08:30;30.00;5;cloudy, rainy;100%;1;0;0;0;0;me changing battery;HAC
07.11.2024;Treptower_Park;1;B_Trep_08;08:00;08:30;30.00;4;cloudy;100;9;3;2;1;1 car;leave blowing, construction workers;MSP
08.11.2024;Treptower_Park;1;B_Trep_08;08:00;08:30;30.00;5;cloudy;100;13;4;0;2;1 car , 1 excavator;loud noises from excavator;MSP
09.10.2025;Lilienthal;NA;B_Lilie_05;08:00;08:30;30.00;10;sunny, cloudy;10;5;1;2;2;chainsaw, car;NA;MK
08.11.2024;Treptower_Park;3;B_Trep_04;08:01;08:31;30.00;5;cloudy;100;16;16;2;1;1 car;;JEU
23.10.2024;Treptower_Park;4;B_Trep_09;08:02;08:32;30.00;6;foggy;10;69;3;49;3;3 stroller and 1 car;;JEU
31.10.2024;Treptower_Park;3;B_Trep_04;08:03;08:33;30.00;11;cloudy;100;8;7;2;2;1 stroller and 1 car;;JEU
17.10.2024;Treptower_Park;3;B_Trep_04;08:04;08:34;30.00;8;sunny;0;5;3;7;2;2 cars;;JEU
24.10.2024;Treptower_Park;3;B_Trep_16;08:04;08:34;30.00;4;foggy;0;5;4;4;1;1 car;;JEU
08.10.2024;Treptower_Park;3;B_Trep_16;08:05;08:35;30.00;12;cloudy;90;5;1;3;0;;at 8:13 a homeless person with a bike came out of the shrubs where the trap is.;
11.10.2024;Treptower_Park;2;B_Trep_14;08:05;08:35;30.00;9;cloudy;80;6;2;4;0;;;JEU
24.10.2024;Treptower_Park;1;B_Trep_08;08:05;08:35;30.00;4;foggy;0;7;4;3;1;car went by ;;TPO
31.10.2024;Treptower_Park;1;B_Trep_08;08:05;08:35;30.00;10;cloudy;100;6;5;3;0;;;TPO
06.11.2024;Treptower_Park;4;B_Trep_09;08:05;08:35;30.00;3;foggy;100;103;6;82;3;2 strollers and 1 car;;JEU
10.10.2024;Treptower_Park;4;B_Trep_09;08:10;08:40;30.00;17;cloudy;90;68;4;70;4;4 strollers;squirrel going into direction of the box through the shrubs at 828. Again at 835;
01.11.2024;Treptower_Park;2;B_Trep_14;08:15;08:45;30.00;10;cloudy;100;2;2;0;0;;;IGR
25.09.2024;Treptower_Park;4;B_Trep_09;08:18;08:48;30.00;14;rainy, cloudy;;79;9;76;0;;;TPO
24.09.2024;Rahnsdorf;6;B_Rahn_11;08:20;08:50;30.00;16;cloudy;100;1;1;1;0;;still the wood cutter;IGR
24.09.2024;Rahnsdorf;5;B_Rahn_14;08:20;08:50;30.00;14;cloudy;90%;1;0;0;0;0;0;HAC
29.10.2024;Treptower_Park;1;B_Trep_08;08:20;08:50;30.00;12;cloudy;100;12;7;2;2;man wit stroller, car;;IGR
26.09.2025;Lilienthal;NA;B_Lilie_05;08:24;08:54;30.00;9;cloudy;100;0;0;1;1;mowing machine;NA;MK
09.10.2024;Treptower_Park;2;B_Trep_14;08:25;08:55;30.00;14;cloudy;100;2;1;2;0;;;IGR
25.09.2024;Treptower_Park;1;B_Trep_08;08:30;09:00;30.00;16;cloudy;80;5;3;6;0;;Same person from above still doing rope skipping for another 5 min. ;JEU
27.09.2024;Rahnsdorf;5;B_Rahn_14;08:30;09:00;30.00;15;sunny;20%;0;0;0;0;0;0;HAC
27.09.2024;Treptower_Park;3;B_Trep_16;08:30;09:00;30.00;14;sunny;0;8;2;1;0;;;JEU
02.10.2024;Treptower_Park;3;B_Trep_16;08:30;09:00;30.00;9;cloudy, rainy, foggy;90;10;3;1;2;car went by (BSR) once. Loud garden work on paths around box/monument;road noise behind box. Saw 1 squirrel run near monument;TPO
03.10.2024;Treptower_Park;4;B_Trep_09;08:30;09:00;30.00;9;cloudy, rainy, foggy;90;44;5;9;0;;road + train noises from street behind box. National holiday;TPO
04.10.2024;Rahnsdorf;6;B_Rahn_11;08:30;09:00;30.00;10;cloudy;100%;2;0;0;0;0;0;HAC
04.10.2024;Treptower_Park;1;B_Trep_08;08:30;09:00;30.00;11;cloudy;100;0;0;0;0;;;IGR
08.10.2024;Rahnsdorf;6;B_Rahn_11;08:30;09:00;30.00;13;cloudy, rainy;70;1;2;1;0;;road noise;TP
11.10.2024;Rahnsdorf;6;B_Rahn_11;08:30;09:00;30.00;8;cloudy;90;2;1;1;0;;;IGR
11.10.2024;Rahnsdorf;5;B_Rahn_14;08:30;09:00;30.00;7;cloudy;100%;2;0;0;0;0;0;HAC
15.10.2024;Treptower_Park;4;B_Trep_09;08:30;09:00;30.00;5;sunny;0;82;3;70;7;1 loud suitcase, 1 leave cleaning car, 3 cars, 2 strollers;;JEU
16.10.2024;Treptower_Park;2;B_Trep_14;08:30;09:00;30.00;5;dry, sunny;0;1;1;1;0;;;TPO
16.10.2024;Treptower_Park;4;B_Trep_09;08:30;09:00;30.00;5;sunny;0;80;3;86;8;3 cleaning cars, 4 strollers and 1 suitcase;;JEU
17.10.2024;Rahnsdorf;6;B_Rahn_11;08:30;09:00;30.00;9;sunny;5;2;0;0;0;;;IGR
23.10.2024;Rahnsdorf;5;B_Rahn_14;08:30;09:00;30.00;7;sunny, cloudy;80%;0;0;0;0;0;Light in the box was switched on to the wrong side in first 1,5 hours, squirel in tree and vocalizing;HAC
23.10.2024;Treptower_Park;2;B_Trep_14;08:30;09:00;30.00;7;dry;20;0;0;0;0;;;TPO
29.10.2024;Treptower_Park;3;B_Trep_04;08:30;09:00;30.00;12;rainy;100;17;10;3;0;;;JEU
30.10.2024;Treptower_Park;3;B_Trep_04;08:30;09:00;30.00;13;cloudy;100;19;11;4;0;;;JEU
30.10.2024;Treptower_Park;1;B_Trep_08;08:30;09:00;30.00;14;cloudy;100;6;3;0;2;singing kid on the back of byscicle of mother - loud ambulance on the big road ;;IGR
31.10.2024;Rahnsdorf;5;B_Rahn_14;08:30;09:00;30.00;11;cloudy;100%;0;0;0;0;0;0;HAC
31.10.2024;Treptower_Park;4;B_Trep_09;08:30;09:00;30.00;11;cloudy;100;74;4;54;4;4 strollers;;IGR
05.11.2024;Rahnsdorf;6;B_Rahn_11;08:30;09:00;30.00;7;sunny;2;4;1;0;0;0;0;IGR
05.11.2024;Treptower_Park;3;B_Trep_04;08:30;09:00;30.00;6;sunny;10;17;6;2;0;;;JEU
06.11.2024;Treptower_Park;2;B_Trep_14;08:30;09:00;30.00;4;foggy;100;1;0;1;0;;;MSP
07.11.2024;Rahnsdorf;5;B_Rahn_14;08:30;09:00;30.00;5;cloudy, rainy;100%;0;0;0;0;0;0;HAC
07.11.2024;Treptower_Park;2;B_Trep_14;08:30;09:00;30.00;5;cloudy;100;3;0;1;1;1 car;leave blowing;MSP
08.11.2024;Treptower_Park;2;B_Trep_14;08:30;09:00;30.00;5;cloudy;100;2;1;0;0;;;
02.10.2025;Lilienthal;NA;B_Lilie_04;08:30;09:00;30.00;6;sunny;0;2;0;1;2;electric hedge trimmer, car;NA;MK
16.10.2025;Lilienthal;NA;B_Lilie_05;08:30;09:00;30.00;10;cloudy;100;12;1;1;1;chainsaw;NA;MK
22.10.2024;Treptower_Park;3;B_Trep_16;08:31;09:01;30.00;12;sunny;70;9;3;2;0;;squirrel climbed down the tree across the street and bench at 837 and again at 846;JEU
04.10.2024;Treptower_Park;3;B_Trep_16;08:32;09:00;28.00;10;cloudy;90;8;5;2;0;;squirrel climbing on tree near monument at 8:46, running over road towards side of the box at 8:52 in a vigilant manner;JEU
31.10.2024;Treptower_Park;3;B_Trep_04;08:33;09:03;30.00;11;cloudy;100;11;6;4;0;;;JEU
17.10.2024;Treptower_Park;3;B_Trep_04;08:34;09:04;30.00;8;sunny;0;7;5;2;1;1 car;;JEU
24.10.2024;Treptower_Park;3;B_Trep_16;08:34;09:04;30.00;4;sunny, foggy;0;10;5;1;0;;;JEU
27.09.2024;Treptower_Park;1;B_Trep_08;08:35;09:05;30.00;14;sunny;0;13;6;1;0;;;TWE
03.10.2024;Treptower_Park;1;B_Trep_08;08:35;09:05;30.00;10;cloudy;100;5;1;1;1;person talking on the phone very loudly. Not at the box but possible to hear;public holiday;JEU
18.10.2024;Rahnsdorf;5;B_Rahn_14;08:35;09:00;25.00;10;sunny;30%;1;0;0;0;0;0;HAC
05.11.2024;Treptower_Park;2;B_Trep_14;08:35;09:05;30.00;6;sunny;5;4;3;0;0;;;MSP
15.10.2024;Treptower_Park;2;B_Trep_14;08:40;09:10;30.00;6;dry, sunny;0;1;0;0;1;saw 1 squirrel in/around box when I came to refill + battery change;;TPO
18.10.2024;Treptower_Park;2;B_Trep_14;08:40;09:10;30.00;9;cloudy;100;3;0;0;0;;;IGR
25.10.2024;Treptower_Park;1;B_Trep_08;08:40;09:10;30.00;8;sunny;0;6;1;5;4;2times a car, women with singing child on 1 bike, woman and dog who was listing to ?podcast? Loudly;;IGR
30.10.2024;Treptower_Park;2;B_Trep_14;08:40;09:10;30.00;13;cloudy;100;3;1;0;0;;saw 1 squirrel run on ground;TPO
01.11.2024;Treptower_Park;2;B_Trep_14;08:45;09:15;30.00;11;cloudy;100;4;2;2;0;;;IGR
08.10.2024;Treptower_Park;4;B_Trep_09;08:55;09:25;30.00;12;cloudy;100;82;0;65;9;7 times same leave cleaning car, 1 suitcase, 1 school class with 3 adults and 30 kids;;JEU
09.10.2024;Treptower_Park;2;B_Trep_14;08:55;09:25;30.00;14;cloudy;100;1;0;0;0;;;IGR
25.09.2024;Rahnsdorf;5;B_Rahn_14;09:00;09:30;30.00;15;cloudy;100%;0;0;0;0;0;0;HAC
25.09.2024;Treptower_Park;3;B_Trep_16;09:00;09:30;30.00;15;cloudy, rainy;;11;3;1;0;;;TPO
27.09.2024;Rahnsdorf;5;B_Rahn_14;09:00;09:30;30.00;16;sunny;20%;0;0;0;0;0;0;HAC
02.10.2024;Treptower_Park;2;B_Trep_14;09:00;09:30;30.00;9;rainy;100;7;6;1;0;;;JEU
02.10.2024;Treptower_Park;3;B_Trep_16;09:00;09:30;30.00;9;cloudy, rainy, foggy;90;9;0;1;2;big school group of at least 50-60 persons. Saw squirrels near monument on tree/ground: 5;road noise behind box ;TPO
03.10.2024;Rahnsdorf;6;B_Rahn_11;09:00;09:30;30;10;cloudy;100;1;2;1;0;;national holiday;SDR
03.10.2024;Rahnsdorf;5;B_Rahn_14;09:00;09:30;30.00;11;cloudy;100%;2;0;0;1;Man walked past the box and went deeper into the forest, nothing was stolen;We started later becuse of the tram, outside camara was already out before changing it, I changed batteries of lamp at 8:50, national holiday;HAC
04.10.2024;Treptower_Park;1;B_Trep_08;09:00;09:30;30.00;11;cloudy;100;3;1;2;0;;;IGR
10.10.2024;Rahnsdorf;6;B_Rahn_11;09:00;09:30;30.00;16;cloudy;80;1;0;1;0;;road noises;TP
10.10.2024;Treptower_Park;3;B_Trep_04;09:00;09:30;30.00;17;cloudy;90;5;1;2;0;;;JEU
10.10.2024;Treptower_Park;1;B_Trep_08;09:00;09:30;30.00;16;cloudy;90;6;5;2;1; squirrel came from trap and came close to me (apr. 3m);3 of the people were inspecting trees;IGR
11.10.2024;Rahnsdorf;6;B_Rahn_11;09:00;09:30;30.00;8;cloudy;90;2;1;3;0;;;IGR
11.10.2024;Rahnsdorf;5;B_Rahn_14;09:00;09:30;30.00;8;rainy, cloudy;100%;0;0;0;0;0;0;HAC
11.10.2024;Treptower_Park;1;B_Trep_08;09:00;09:30;30.00;8;cloudy;80;8;6;0;0;;;JEU
15.10.2024;Treptower_Park;4;B_Trep_09;09:00;09:30;30.00;5;sunny;0;72;4;73;7;3 strollers, 2 suitcases, 1 car and 1 constuction of poles next to the road and benches;one skateboard was counted as bike, constuction of poles was from 9:10 to 9:23;JEU
16.10.2024;Treptower_Park;2;B_Trep_14;09:00;09:30;30.00;5;dry, sunny;0;5;3;2;0;;;TPO
17.10.2024;Rahnsdorf;6;B_Rahn_11;09:00;09:30;30.00;9;sunny;5;0;0;0;0;;;IGR
18.10.2024;Rahnsdorf;5;B_Rahn_14;09:00;09:30;30.00;11;sunny;30%;0;0;0;0;0;0;HAC
18.10.2024;Treptower_Park;3;B_Trep_04;09:00;09:30;30.00;9;sunny;40;9;4;0;0;;at 9:07 a squirrel was close to the box location, again at 9:16 with walnut in mouth;JEU
23.10.2024;Rahnsdorf;5;B_Rahn_14;09:00;09:30;30.00;7;sunny, cloudy;70%;0;0;0;0;0;squirrel moving from tree to tree;HAC
23.10.2024;Treptower_Park;2;B_Trep_14;09:00;09:30;30.00;8;dry, sunny ;10;2;2;2;0;;;TPO
25.10.2024;Rahnsdorf;6;B_Rahn_11;09:00;09:30;30.00;7;dry, clear;2;0;1;0;0;0;0;CLA
25.10.2024;Rahnsdorf;5;B_Rahn_14;09:00;09:30;30.00;7;sunny;40%;1;0;0;0;0;it was me changing the battery;HAC
25.10.2024;Treptower_Park;3;B_Trep_16;09:00;09:30;30.00;7;foggy;0;19;10;7;0;;;MSP
29.10.2024;Rahnsdorf;6;B_Rahn_11;09:00;09:30;30.00;13;rainy;2;2;3;0;0;0;stopped raining at 9:09;NPE
29.10.2024;Rahnsdorf;5;B_Rahn_14;09:00;09:30;30.00;13;cloudy, wet;100%;0;0;0;0;0;0;HAC
29.10.2024;Treptower_Park;2;B_Trep_14;09:00;09:30;30.00;13;cloudy;100;3;0;0;0;;;IGR
31.10.2024;Treptower_Park;2;B_Trep_14;09:00;09:30;30.00;10;cloudy;100;1;1;0;2;car went by, garden work near by;;TPO
31.10.2024;Treptower_Park;4;B_Trep_09;09:00;09:30;30.00;12;cloudy;100;64;3;59;0;;;IGR
01.11.2024;Rahnsdorf;6;B_Rahn_11;09:00;09:30;30.00;11;cloudy, windy;100;2;1;0;0;0;0;HAC
05.11.2024;Rahnsdorf;6;B_Rahn_11;09:00;09:30;30.00;8;dry;2;1;0;4;0;0;0;IGR
05.11.2024;Treptower_Park;3;B_Trep_04;09:00;09:30;30.00;7;sunny;10;10;4;1;0;;;JEU
06.11.2024;Treptower_Park;2;B_Trep_14;09:00;09:30;30.00;4;foggy;100;2;0;0;0;;;MSP
07.11.2024;Treptower_Park;3;B_Trep_04;09:00;09:30;30.00;5;cloudy;100;6;8;0;1;1 car;;SKR
07.11.2024;Treptower_Park;4;B_Trep_09;09:00;09:30;30.00;5;cloudy;100;73;8;49;6;1 car, 3 stroller and 2 suitcases;construction work directly at tree and close to box;JEU
09.10.2025;Lilienthal;NA;B_Lilie_05;09:00;09:30;30.00;10;cloudy;90;6;0;0;2;chainsaw, car;NA;MK
01.11.2024;Treptower_Park;4;B_Trep_09;09:03;09:33;30.00;11;cloudy;100;43;7;40;2;1 stroller and 1 suitace;;JEU
27.09.2024;Treptower_Park;4;B_Trep_09;09:04;09:34;30.00;16;sunny;0;59;4;38;0;;road noises;JEU
25.10.2024;Treptower_Park;4;B_Trep_09;09:04;09:34;30.00;6;foggy, sunny;0;57;2;35;2;1 stroller and 1 suitace;;JEU
03.10.2024;Treptower_Park;1;B_Trep_08;09:05;09:35;30.00;10;cloudy;100;11;4;0;0;;public holiday;JEU
17.10.2024;Treptower_Park;1;B_Trep_08;09:05;09:35;30.00;9;dry, sunny, windy;0;4;2;0;0;;loud park work nearby (wood cutting etc.);TPO
29.10.2024;Treptower_Park;3;B_Trep_04;09:05;09:35;30.00;12;rainy;100;12;5;1;1;1 stroller;;JEU
06.11.2024;Treptower_Park;4;B_Trep_09;09:06;09:36;30.00;3;foggy, rainy;100;84;5;49;2;2 strollers;;JEU
04.10.2024;Treptower_Park;4;B_Trep_09;09:10;09:40;30.00;11;cloudy;90;35;3;22;2;one person with a loud stroller, one person with a loud suitcase;road noises, squirrel crossing street at 9:35;JEU
16.10.2024;Treptower_Park;4;B_Trep_09;09:10;09:40;30.00;6;sunny;0;70;3;53;3;1 car and 2 suitcases;squirrel with walnut ran pass bench into shrubs, afterwards acrros the street away from the box location.;JEU
25.10.2024;Treptower_Park;1;B_Trep_08;09:10;09:40;30.00;8;sunny;0;8;2;0;1;car went by ;;IGR
30.10.2024;Treptower_Park;2;B_Trep_14;09:10;09:40;30.00;13;cloudy;100;1;1;0;0;;;TPO
08.11.2024;Treptower_Park;4;B_Trep_09;09:10;09:40;30.00;5;cloudy;100;54;2;46;3;2 suitcases and 1 stroller;;SKR
25.09.2024;Treptower_Park;2;B_Trep_14;09:15;09:45;30.00;16;cloudy;90;1;0;0;1;screaming school class ;;JEU
05.11.2024;Treptower_Park;1;B_Trep_08;09:15;09:45;30.00;7;sunny;0;9;1;2;1;1 excavator;;MSP
24.09.2024;Treptower_Park;4;B_Trep_09;09:16;09:46;30.00;15;sunny, dry;;68;4;51;0;;I sat at benches left from thick tree on pathway and counted only who/what passed me/above thick tree. saw 2 squirrels in bushes;TPO
25.09.2024;Rahnsdorf;5;B_Rahn_14;09:30;10:00;30.00;15;cloudy;100%;0;0;0;0;0;0;HAC
03.10.2024;Rahnsdorf;6;B_Rahn_11;09:30;10:00;30;10;cloudy;100;3;1;1;0;;national holiday;SDR
03.10.2024;Rahnsdorf;5;B_Rahn_14;09:30;10:00;30.00;11;cloudy ;100%;0;0;0;0;0;0;HAC
03.10.2024;Treptower_Park;3;B_Trep_16;09:30;10:00;30.00;9;cloudy, rainy, foggy;90;6;0;3;0;;road noises in background from street. Two women with 1 child + bike remained near monument for awhile. National holiday ;TPO
08.10.2024;Treptower_Park;1;B_Trep_08;09:30;10:00;30.00;13;cloudy;100;6;3;1;1;men with twin stroller;;IGR
09.10.2024;Rahnsdorf;6;B_Rahn_11;09:30;10:00;30.00;14;cloudy, rainy, sunny;30;1;1;0;0;;road noises, can hear woodpecker in trees;TP
10.10.2024;Rahnsdorf;6;B_Rahn_11;09:30;10:00;30.00;18;cloudy;40;0;0;1;2;woodpecker in trees nearby, car came by road leading to main road;road noises;TP
10.10.2024;Treptower_Park;1;B_Trep_08;09:30;10:00;30.00;16;cloudy;70;11;2;0;2;2 people with dog and cat on the bag they came back later;;IGR
11.10.2024;Treptower_Park;4;B_Trep_09;09:30;10:00;30.00;7;cloudy;70;43;6;43;7;4 strollers, 1 rollator;;SLA
15.10.2024;Rahnsdorf;5;B_Rahn_14;09:30;10:00;30.00;6;sunny ;10%;1;0;0;0;0;I was the person becuase i changed batteries;HAC
15.10.2024;Treptower_Park;2;B_Trep_14;09:30;10:00;30.00;7;dry, sunny;0;3;1;0;1;saw 1 squirrel on tree near box while I was at box to refill;;TPO
16.10.2024;Rahnsdorf;6;B_Rahn_11;09:30;10:00;30.00;7;sunny;10;3;1;1;0;;;IGR
16.10.2024;Rahnsdorf;5;B_Rahn_14;09:30;10:00;30.00;7;sunny;10%;0;0;0;0;0;the weater was sunny after sunrise;HAC
22.10.2024;Treptower_Park;2;B_Trep_14;09:30;10:00;30.00;15;sunny, dry;10;0;0;1;0;;;TPO
22.10.2024;Treptower_Park;4;B_Trep_09;09:30;10:00;30.00;13;cloudy, sunny;75;48;4;41;0;;;JEU
23.10.2024;Rahnsdorf;5;B_Rahn_14;09:30;09:58;28.00;6;sunny;20%;2;4;0;0;0;dogs barking at the end;HAC
23.10.2024;Treptower_Park;3;B_Trep_16;09:30;10:00;30.00;7;sunny;0;13;3;0;1;1 car;;JEU
24.10.2024;Treptower_Park;2;B_Trep_14;09:30;10:00;30.00;6;dry, sunny;0;2;1;1;1;car went by ;;TPO
25.10.2024;Rahnsdorf;6;B_Rahn_11;09:30;10:00;30.00;8;dry, clear;2;0;1;0;0;0;0;CLA
25.10.2024;Rahnsdorf;5;B_Rahn_14;09:30;10:00;30.00;7;sunny;30%;1;0;0;0;0;squirrel eating in tree and 'breathing' loud, squirrel slept in tree;HAC
29.10.2024;Rahnsdorf;5;B_Rahn_14;09:30;10:00;30.00;13;cloudy, wet;100%;2;1;0;0;0;I was one person changing the batteries;HAC
29.10.2024;Treptower_Park;2;B_Trep_14;09:30;10:00;30.00;13;cloudy;100;3;0;1;0;;;IGR
30.10.2024;Treptower_Park;4;B_Trep_09;09:30;10:00;30.00;14;cloudy;100;53;1;39;2;1 suitcase and 1 rollator;;JEU
31.10.2024;Treptower_Park;2;B_Trep_14;09:30;10:00;30.00;10;cloudy;100;5;0;0;3;car went by, garden work near by, saw a bussard (prey bird);;TPO
01.11.2024;Rahnsdorf;6;B_Rahn_11;09:30;10:00;30.00;11;cloudy, windy;100;1;0;0;1;09:50 SDR changed batteries of the camera;0;HAC
05.11.2024;Rahnsdorf;6;B_Rahn_11;09:30;10:00;30.00;8;sunny;5;3;1;2;0;0;0;IGR
06.11.2024;Rahnsdorf;6;B_Rahn_11;09:30;10:00;30.00;5;cloudy, foggy;100;0;0;2;0;0;0;NPE
06.11.2024;Rahnsdorf;5;B_Rahn_14;09:30;10:00;30.00;4;cloudy, foggy;100%;1;0;0;0;0;me changing battery;HAC
07.11.2024;Treptower_Park;1;B_Trep_08;09:30;10:00;30.00;5;cloudy;100;6;2;1;2;1 car , 1 cat;leave blowing;MSP
26.09.2025;Lilienthal;NA;B_Lilie_05;09:30;10:00;30.00;9;cloudy, rainy;100;7;0;2;1;mowing machine;NA;MK
08.10.2024;Treptower_Park;3;B_Trep_16;09:33;10:03;30.00;13;sunny;50;11;3;0;1;Mustafa, a drunk man came to my bench close to the trap and talked loudly to me.;9:35 squirrel behind the tree next to monument, again at 9:38 and 9:40 on side closer to trap but changing sides and trees.;JEU
24.10.2024;Treptower_Park;4;B_Trep_09;09:33;10:03;30.00;5;sunny;0;58;1;31;5;5 suitcases;;JEU
01.11.2024;Treptower_Park;4;B_Trep_09;09:33;10:03;30.00;11;cloudy;100;46;2;24;0;;;JEU
08.11.2024;Treptower_Park;2;B_Trep_14;09:33;10:03;30.00;5;cloudy;100;0;0;2;0;;;JEU
17.10.2024;Treptower_Park;4;B_Trep_09;09:34;10:04;30.00;9;sunny;0;63;6;40;4;2 strollers, 1 suitcase, 1 kindergarden group with 16 children and 3 adults;;JEU
18.10.2024;Treptower_Park;3;B_Trep_04;09:34;10:04;30.00;9;sunny;10;10;2;0;1;1 car;squirrel climbed tree close to box location at 9:50, squirrel behind me (the benches) at 10:04;JEU
25.09.2024;Treptower_Park;3;B_Trep_16;09:35;10:05;30.00;15;cloudy, rainy;;10;2;3;1;loud yelling probably homeless man on big meadow behind monument;;TPO
09.10.2024;Treptower_Park;1;B_Trep_08;09:35;10:05;30.00;14;cloudy;30;9;2;3;0;;;IGR
18.10.2024;Treptower_Park;1;B_Trep_08;09:35;10:00;25.00;9;cloudy;50;7;1;0;1;group of kids;;IGR
02.10.2024;Treptower_Park;4;B_Trep_09;09:40;10:10;30.00;9;cloudy, rainy, foggy;90;61;6;34;1;"from time to time load voice similar to on a carneval (""Rummelmoderation"") coming from south part of park -> possibly from school group doing outdoor activities (visible from box 3)";road + train noises behind box. Sometimes construction work noises behind box. Sometimes I also counted e-rollers/scooters within number of bicycles;TPO
04.10.2024;Treptower_Park;2;B_Trep_14;09:40;10:10;30.00;11;cloudy;100;1;1;2;0;;;IGR
16.10.2024;Treptower_Park;1;B_Trep_08;09:40;10:10;30.00;5;dry, sunny;0;4;3;1;0;;;TPO
30.10.2024;Treptower_Park;2;B_Trep_14;09:40;10:10;30.00;14;cloudy;100;2;1;0;0;;;IGR
01.11.2024;Treptower_Park;1;B_Trep_08;09:40;10:10;30.00;10;cloudy;100;9;3;1;0;;saw squirrel 9.50 on road going towards and box from box 2x and at 9:55 bury the nut and going bacl;
25.09.2024;Treptower_Park;2;B_Trep_14;09:45;10:45;60.00;16;cloudy;100;3;0;1;0;;;JEU
15.10.2024;Rahnsdorf;6;B_Rahn_11;09:45;09:15;-30.00;8;sunny;40;2;0;1;0;;;IGR
06.11.2024;Treptower_Park;1;B_Trep_08;09:55;10:25;30.00;4;foggy;100;6;0;1;0;;;MSP
09.10.2024;Treptower_Park;3;B_Trep_04;09:57;10:27;30.00;15;sunny;30;9;4;3;0;;new trap location but the same road on which as old trap location;JEU
24.09.2024;Treptower_Park;3;B_Trep_16;10:00;10:30;30.00;16;cloudy;;31;3;7;0;;saw 2 squirrels near bench on tree, sat on bench above trap bushes, noted who walked on path before/behind me;TPO
27.09.2024;Treptower_Park;4;B_Trep_09;10:00;10:30;30.00;16;sunny;20;40;1;34;1;big kindergarden group (5 adults and 35 children);road noises;JEU
02.10.2024;Rahnsdorf;6;B_Rahn_11;10:00;10:30;30;10;cloudy, rainy;100;2;0;0;0;;;SDR
02.10.2024;Rahnsdorf;5;B_Rahn_14;10:00;10:30;30.00;9;cloudy, rainy;100%;0;0;0;1;Airplane with noise flying over;;HAC
02.10.2024;Treptower_Park;1;B_Trep_08;10:00;10:30;30.00;9;rainy;100;2;0;1;0;;;JEU
04.10.2024;Rahnsdorf;5;B_Rahn_14;10:00;10:30;30.00;10;cloudy;100%;0;0;0;0;0;0;HAC
08.10.2024;Treptower_Park;1;B_Trep_08;10:00;10:30;30.00;14;cloudy;90;4;1;1;2;men with twin stroller & biker with big dog in the front carrier;;IGR
09.10.2024;Rahnsdorf;5;B_Rahn_14;10:00;10:30;30.00;15;sunny, cloudy;70%;1;0;0;1;man came out of bush next to the box;All Sinah her traps were taken away today, weather was later sunny ;HAC
10.10.2024;Rahnsdorf;6;B_Rahn_11;10:00;10:30;30.00;18;cloudy;60;1;1;2;0;;road noises;TP
10.10.2024;Treptower_Park;3;B_Trep_04;10:00;10:30;30.00;18;cloudy;90;11;4;1;1;stroller;;JEU
15.10.2024;Rahnsdorf;5;B_Rahn_14;10:00;10:30;30.00;7;sunny;10%;0;0;0;0;0;i saw a squirrel running i think;HAC
15.10.2024;Treptower_Park;2;B_Trep_14;10:00;10:30;30.00;7;dry, sunny;0;8;0;0;0;;;TPO
16.10.2024;Rahnsdorf;6;B_Rahn_11;10:00;10:30;30.00;7;sunny;0;2;1;2;0;;;IGR
16.10.2024;Rahnsdorf;5;B_Rahn_14;10:00;10:30;30.00;8;sunny;10%;1;1;1;0;0;I saw a squirrel moving from tree to tree;HAC
16.10.2024;Treptower_Park;3;B_Trep_04;10:00;10:30;30.00;7;sunny;0;5;2;3;0;;;SDR
18.10.2024;Treptower_Park;1;B_Trep_08;10:00;10:30;30.00;9;sunny;40;10;3;2;0;;;IGR
22.10.2024;Rahnsdorf;6;B_Rahn_11;10:00;10:30;30.00;14;sunny;5;3;1;0;0;;;IGR
23.10.2024;Treptower_Park;1;B_Trep_08;10:00;10:30;30.00;9;dry;0;2;1;1;0;;;TPO
25.10.2024;Treptower_Park;3;B_Trep_16;10:00;10:30;30.00;8;sunny;0;15;3;2;1;1 car;;JEU
29.10.2024;Treptower_Park;4;B_Trep_09;10:00;10:30;30.00;13;cloudy;100;56;5;27;5;4 suitcases and 1 car;;JEU
30.10.2024;Rahnsdorf;6;B_Rahn_11;10:00;10:30;30.00;14;cloudy;100;1;1;0;0;0;0;SDR
30.10.2024;Treptower_Park;4;B_Trep_09;10:00;10:30;30.00;14;cloudy;100;51;0;26;2;woman with suitcase, man with suitcase;;TPO
31.10.2024;Treptower_Park;3;B_Trep_04;10:00;10:30;30.00;11;cloudy;90;11;2;5;4;1 kindergarden group (10 kids and 4 adults), 2 strollers and 1 car;;JEU
31.10.2024;Treptower_Park;1;B_Trep_08;10:00;10:30;30.00;12;cloudy;100;13;2;1;0;;;IGR
05.11.2024;Treptower_Park;2;B_Trep_14;10:00;10:30;30.00;8;sunny;50;4;2;0;0;;;MSP
06.11.2024;Rahnsdorf;5;B_Rahn_14;10:00;10:30;30.00;4;cloudy, foggy;100%;0;0;0;0;0;0;HAC
07.11.2024;Treptower_Park;2;B_Trep_14;10:00;10:30;30.00;5;cloudy;100;4;0;0;0;;;MSP
07.11.2024;Treptower_Park;1;B_Trep_08;10:00;10:30;30.00;5;cloudy;100;8;2;1;2;2 cars;;JEU
02.10.2025;Lilienthal;NA;B_Lilie_05;10:00;10:30;30.00;8;sunny;0;10;0;1;2;construction work at entrance, loud raven crowing;NA;MK
16.10.2025;Lilienthal;NA;B_Lilie_04;10:00;10:30;30.00;11;cloudy;100;2;0;1;0;NA;NA;MK
05.11.2024;Treptower_Park;4;B_Trep_09;10:01;10:31;30.00;7;sunny;10;60;4;24;4;2 cars and 2 suitcases;construction work close by;JEU
24.09.2024;Treptower_Park;2;B_Trep_14;10:03;10:33;30.00;17;cloudy;95;4;0;3;1;buteo buteo calls starting at 10:27;;JEU
15.10.2024;Treptower_Park;4;B_Trep_09;10:03;10:33;30.00;8;sunny;0;41;3;28;3;1 stroller, 1 suitcase, 1 big kindergarden group with 42 children and 4 adult;loud construction work acros street behind box.;JEU
25.10.2024;Treptower_Park;4;B_Trep_09;10:03;10:33;30.00;8;foggy, sunny;5;44;0;35;3;3 stroller;;MSP
04.10.2024;Treptower_Park;3;B_Trep_16;10:04;10:34;30.00;11;cloudy;90;11;0;1;0;;;JEU
09.10.2024;Treptower_Park;1;B_Trep_08;10:05;10:29;24.00;14;sunny;30;10;2;1;2;big group of kids & later playing kids hide and seek around the bushes;;IGR
11.10.2024;Treptower_Park;2;B_Trep_14;10:05;10:35;30.00;9;sunny;20;3;0;1;0;;at 10:05 a squirrel ran over the road towards star observatory side from box location side.;JEU
04.10.2024;Treptower_Park;2;B_Trep_14;10:10;10:40;30.00;11;cloudy;100;4;3;0;1;by passing car;;IGR
24.10.2024;Rahnsdorf;6;B_Rahn_11;10:10;10:40;30.00;7;sunny;0;1;0;1;0;;;IGR
30.10.2024;Treptower_Park;2;B_Trep_14;10:10;10:40;30.00;14;cloudy,rainy,sunny;70;7;2;0;0;;;IGR
01.11.2024;Treptower_Park;1;B_Trep_08;10:10;10:40;30.00;11;cloudy;100;13;0;2;2;1 wheelchair , 1 car;saw squirrel going back and forawrd and burying the nt 10.20;
25.10.2024;Treptower_Park;2;B_Trep_14;10:15;10:45;30.00;10;sunny;0;0;0;0;0;;;IGR
25.09.2024;Treptower_Park;4;B_Trep_09;10:20;10:50;30.00;16;cloudy, rainy;;44;3;32;0;;quite noisy here due to road behind bushes + construction work;TPO
11.10.2024;Treptower_Park;3;B_Trep_16;10:20;10:50;30.00;7;sunny;10;27;5;0;0;;;SLA
03.10.2024;Treptower_Park;2;B_Trep_14;10:25;10:55;30.00;10;cloudy;100;8;0;2;0;;Public holiday, Techno music coming from House Zeller;JEU
02.10.2024;Rahnsdorf;6;B_Rahn_11;10:30;11:00;30;10;cloudy;100;0;0;1;0;;;SDR
02.10.2024;Rahnsdorf;5;B_Rahn_14;10:30;11:00;30.00;9;cloudy, rainy;100%;0;0;0;1;Airplane with noise flying over;0;HAC
02.10.2024;Treptower_Park;1;B_Trep_08;10:30;11:00;30.00;9;cloudy;100;10;0;1;0;;one person walked up and down the street several times in a slow manner. ;JEU
02.10.2024;Treptower_Park;4;B_Trep_09;10:30;11:00;30.00;9;cloudy, foggy;90;37;3;17;1;still loud megafone moderation voice from school group nearby doing some sort of outdoor activities;still road, train noises behind box + construction noises;TPO
04.10.2024;Rahnsdorf;5;B_Rahn_14;10:30;11:00;30.00;10;cloudy;100%;0;0;0;0;0;0;HAC
09.10.2024;Rahnsdorf;6;B_Rahn_11;10:30;11:00;30.00;15;sunny, cloudy, dry;0;2;0;0;0;;road noises;TP
09.10.2024;Rahnsdorf;5;B_Rahn_14;10:30;11:00;30.00;15;sunny, cloudy;40%;2;0;0;1;car drove by;0;HAC
16.10.2024;Rahnsdorf;5;B_Rahn_14;10:30;11:00;30.00;8;sunny;5%;0;0;0;0;0;0;HAC
17.10.2024;Treptower_Park;1;B_Trep_08;10:30;11:00;30.00;9;dry, sunny, windy;0;19;2;1;1;1 stroller;loud park work nearby (wood cutting etc.), two men did some ground work on meadow, loud talking kid went by with mom;TPO
18.10.2024;Rahnsdorf;6;B_Rahn_11;10:30;11:00;30.00;13;sunny;0;6;2;0;0;0;0;SDR
22.10.2024;Rahnsdorf;6;B_Rahn_11;10:30;11:00;30.00;14;sunny;90;5;1;0;0;;;IGR
22.10.2024;Rahnsdorf;5;B_Rahn_14;10:30;11:00;30.00;14;sunny;30%;2;0;1;0;0;0;HAC
23.10.2024;Treptower_Park;3;B_Trep_16;10:30;11:00;30.00;10;sunny;0;11;5;2;0;;;JEU
24.10.2024;Rahnsdorf;5;B_Rahn_14;10:30;11:00;30.00;8;sunny;0%;1;0;0;0;0;0;HAC
29.10.2024;Rahnsdorf;6;B_Rahn_11;10:30;11:00;30.00;13;cloudy, wet;0;0;0;0;0;0;0;NPE
30.10.2024;Rahnsdorf;6;B_Rahn_11;10:30;11:00;30.00;14;cloudy;100;3;1;0;1;forestry car (at the crossing, proabbly more than 20m from the box);0;SDR
30.10.2024;Treptower_Park;3;B_Trep_04;10:30;11:00;30.00;14;cloudy;100;8;6;2;0;;;JEU
31.10.2024;Treptower_Park;2;B_Trep_14;10:30;11:00;30.00;12;cloudy;100;17;1;4;1;man with stroller;;TPO
31.10.2024;Treptower_Park;1;B_Trep_08;10:30;10:55;25.00;12;cloudy;100;9;5;3;2;the big like kindergarden bikes with like 5 kids and 1 adult  x2;saw squirrel in tree 10:34;IGR
06.11.2024;Treptower_Park;3;B_Trep_04;10:30;11:00;30.00;4;foggy;100;15;3;4;5;4 cars and 1 stroller;loud construction on trash cans by benches;JEU
08.11.2024;Rahnsdorf;5;B_Rahn_14;10:30;11:00;30.00;6;cloudy;100%;0;0;0;0;0;0;HAC
26.09.2025;Lilienthal;NA;B_Lilie_04;10:30;11:00;30.00;9;cloudy;100;6;0;1;0;NA;NA;MK
09.10.2025;Lilienthal;NA;B_Lilie_04;10:30;11:00;30.00;10;cloudy;90;5;0;0;0;NA;NA;MK
07.11.2024;Treptower_Park;4;B_Trep_09;10:31;11:01;30.00;5;cloudy;100;36;2;25;4;3 strollers and 1 suitcase;;SKR
24.09.2024;Treptower_Park;2;B_Trep_14;10:33;11:05;32.00;18;rainy;100;2;5;0;0;;1 man with 4 dogs.;JEU
16.10.2024;Treptower_Park;3;B_Trep_04;10:33;11:03;30.00;7;sunny;0;12;4;0;0;;;SDR
11.10.2024;Treptower_Park;2;B_Trep_14;10:35;11:05;30.00;9;cloudy;60;8;1;0;2;kids at star observatory playing loudly at other side of the fence and buteo buteo calls at 10:57;;JEU
22.10.2024;Treptower_Park;2;B_Trep_14;10:35;11:05;30.00;16;sunny, dry ;10;6;2;0;0;;;TPO
24.10.2024;Treptower_Park;1;B_Trep_08;10:35;11:05;30.00;9;dry, sunny ;0;5;3;5;0;;;TPO
30.10.2024;Treptower_Park;1;B_Trep_08;10:35;11:05;30.00;15;cloudy;100;6;1;2;1;loud construction work on meadow with tractor;;TPO
08.11.2024;Treptower_Park;3;B_Trep_04;10:37;11:07;30.00;5;cloudy;100;8;6;2;0;;;SKR
09.10.2024;Treptower_Park;4;B_Trep_09;10:40;11:10;30.00;15;sunny;20;46;1;13;1;person with stroller;loud construction noises coming from street;JEU
18.10.2024;Treptower_Park;4;B_Trep_09;10:40;11:10;30.00;12;sunny;10;60;1;37;0;;;JEU
24.10.2024;Rahnsdorf;6;B_Rahn_11;10:40;11:10;30.00;7;sunny;0;2;1;2;0;;;IGR
27.09.2024;Rahnsdorf;6;B_Rahn_11;11:00;11:30;30.00;16;sunny, cloudy, dry;30;1;0;0;0;;;TP
11.10.2024;Treptower_Park;4;B_Trep_09;11:00;11:30;30.00;9;sunny;5;64;5;28;4;1 suitcase, 2 cars, 1 stroller, 1 shopping carts;;SLA
18.10.2024;Rahnsdorf;6;B_Rahn_11;11:00;11:30;30.00;14;sunny;0;3;1;1;0;0;0;SDR
22.10.2024;Rahnsdorf;5;B_Rahn_14;11:00;11:25;25.00;16;cloudy;100%;1;0;0;0;0;0;HAC
22.10.2024;Treptower_Park;3;B_Trep_16;11:00;11:30;30.00;16;cloudy;90;15;6;4;1;1 stroller;;JEU
23.10.2024;Treptower_Park;2;B_Trep_14;11:00;11:30;30.00;11;dry, sunny;0;2;2;0;1;group of 13 people went by;;TPO
24.10.2024;Rahnsdorf;5;B_Rahn_14;11:00;11:25;25.00;9;sunny;0%;0;0;0;0;0;0;HAC
24.10.2024;Treptower_Park;3;B_Trep_16;11:00;11:30;30.00;9;sunny;0;8;3;2;3;2 cars and 1 stroller;;JEU
25.10.2024;Treptower_Park;4;B_Trep_09;11:00;11:30;30.00;10;sunny;0;57;1;26;4;2 strollers and 2 suiscases;squirrel crossing street at 11:19;JEU
30.10.2024;Rahnsdorf;5;B_Rahn_14;11:00;11:30;30.00;14;cloudy, dry;100%;1;0;1;0;0;0;HAC
31.10.2024;Treptower_Park;2;B_Trep_14;11:00;11:30;30.00;12;cloudy;100;1;0;0;0;;;IGR
31.10.2024;Treptower_Park;3;B_Trep_04;11:00;11:30;30.00;11;cloudy;100;8;4;0;0;;;JEU
05.11.2024;Rahnsdorf;5;B_Rahn_14;11:00;11:30;30.00;9;cloudy;60%;2;0;0;0;0;me getting down the box;HAC
06.11.2024;Rahnsdorf;6;B_Rahn_11;11:00;11:30;30.00;5;cloudy, foggy;100;2;0;0;0;getting box down;0;NPE
07.11.2024;Rahnsdorf;6;B_Rahn_11;11:00;11:30;30.00;6;cloudy, rainy;100;3;0;2;0;0;getting box down at 11:15;SDR, HAC
07.11.2024;Treptower_Park;2;B_Trep_14;11:00;11:30;30.00;5;cloudy;100;1;1;1;0;;;
08.11.2024;Rahnsdorf;5;B_Rahn_14;11:00;11:30;30.00;6;cloudy;100%;1;0;0;0;0;me cleaning up box;HAC
02.10.2025;Lilienthal;NA;B_Lilie_04;11:00;11:30;30.00;10;sunny;0;8;0;1;3;construction work, police siren, car;NA;MK
29.10.2024;Treptower_Park;4;B_Trep_09;11:03;11:33;30.00;14;cloudy;100;48;3;30;1;1 stroller;;JEU
03.10.2024;Treptower_Park;4;B_Trep_09;11:05;11:35;30.00;9;cloudy, rainy, foggy;90;82;6;23;0;;road + train noises. National holiday;TPO
25.10.2024;Treptower_Park;3;B_Trep_16;11:05;11:35;30.00;9;sunny;0;16;0;6;1;1 stroller;;MSP
30.10.2024;Treptower_Park;1;B_Trep_08;11:05;11:35;30.00;15;cloudy;100;13;0;5;0;;;TPO
08.11.2024;Treptower_Park;3;B_Trep_04;11:07;11:37;30.00;5; cloudy;100;7;4;1;1;1 car;;SKR
26.09.2025;Lilienthal;NA;B_Lilie_05;11:30;12:00;30.00;10;cloudy, rainy;100;12;0;1;2;car, church bells;NA;MK
16.10.2025;Lilienthal;NA;B_Lilie_05;11:30;12:00;30.00;11;cloudy;100;11;1;1;1;chainsaw;NA;MK
