Study_site;Trap_nr;X;Y;Used_autumn_2021;Set_up_autumn_2021;Trap_height_autumn_2021;Used_spring_2022;Set_up_spring_2022;Trap_height_spring_2022;Used_autumn_2022;Set_up_autumn_2022;Trap_height_autumn_2022;Used_spring_2023;Set_up_spring_2023;Trap_height_spring_2023;Used_autumn_2023;Set_up_autumn_2023;Trap_height_autumn_2023;Used_spring_2024;Set_up_spring_2024;Trap_height_spring_2024;Used_autumn_2024;Set_up_autumn_2024;Trap_height_autumn_2024;Set_up_spring_2025;Trap_height_spring_2025
Treptower_Park;B_Trep_01 ;13,47673;52,48541;1.0;28.09.2021;1.0;1.0;23.03.2022;1.0;1.0;29.08.2022;01. Feb;1.0;05.04.2023;1.0;0.0;NA;NA;0.0;NA;NA;0.0;NA;NA;NA;NA
Treptower_Park;B_Trep_02;13,47432;52,48450;1.0;28.09.2021;01. Mai;0.0;NA;NA;0.0;NA;NA;0.0;NA;NA;0.0;NA;NA;0.0;NA;NA;0.0;NA;NA;NA;NA
Treptower_Park;B_Trep_03;13,47286;52,48774;1.0;28.09.2021;0.5;1.0;23.03.2022;0.5;1.0;29.08.2022;0.0;1.0;05.04.2023;0.0;1.0;20.08.2023;0.0;1.0;19.03.2024;0.0;1.0;14.08.2024;0.0;NA;NA
Treptower_Park;B_Trep_04;13,46752;52,49005;1.0;28.09.2021;1.0;1.0;23.03.2022;1.0;1.0;29.08.2022;1.0;1.0;05.04.2023;0.5;0.0;NA;NA;1.0;19.03.2024;0.0;1.0;14.08.2024;0.0;20.03.2025;0.0
Treptower_Park;B_Trep_05;13,46635;52,49118;1.0;28.09.2021;01. Mai;0.0;NA;NA;1.0;29.08.2022;01. Mai;1.0;05.04.2023;0.0;1.0;20.08.2023;0.0;1.0;19.03.2024;0.0;1.0;14.08.2024;0.0;20.03.2025;0.0
Treptower_Park;B_Trep_06;13,47336;52,48310;0.0;NA;NA;1.0;23.03.2022;0.5;1.0;29.08.2022;0.5;1.0;05.04.2023;0.5;1.0;20.08.2023;0.5;1.0;19.03.2024;0.5;1.0;14.08.2024;0.5;20.03.2025;0.0
Treptower_Park;B_Trep_07;13,46511;52,49021;0.0;NA;NA;1.0;23.03.2022;0.0;0.0;NA;NA;1.0;05.04.2023;0.0;0.0;NA;NA;0.0;NA;NA;0.0;NA;NA;NA;NA
Treptower_Park;B_Trep_08;13,47582;52,48507;0.0;NA;NA;1.0;05.05.2022;1.0;0.0;NA;NA;0.0;NA;NA;1.0;20.08.2023;0.5;1.0;19.03.2024;0.5;1.0;14.08.2024;0.5;20.03.2025;0.5
Treptower_Park;B_Trep_09;13,46111;52,48988;0.0;NA;NA;1.0;05.05.2022;0.0;0.0;NA;NA;1.0;26.05.2023;0.0;1.0;20.08.2023;0.0;1.0;19.03.2024;0.0;1.0;14.08.2024;0.0;20.03.2025;0.0
Treptower_Park;B_Trep_10;13,46342;52,48902;0.0;NA;NA;1.0;05.05.2022;0.5;0.0;NA;NA;0.0;NA;NA;0.0;NA;NA;0.0;NA;NA;0.0;NA;NA;NA;NA
Treptower_Park;B_Trep_11;13,46429;52,49160;0.0;NA;NA;1.0;05.05.2022;0.0;1.0;29.08.2022;0.0;1.0;05.04.2023;0.0;1.0;20.08.2023;0.0;1.0;19.03.2024;0.0;1.0;14.08.2024;0.0;20.03.2025;0.0
Treptower_Park;B_Trep_12;13,46627;52,49115;0.0;NA;NA;1.0;05.05.2022;0.0;0.0;NA;NA;0.0;NA;NA;0.0;NA;NA;0.0;NA;NA;0.0;NA;NA;NA;NA
Treptower_Park;B_Trep_13;13,47323;52,48825;0.0;NA;NA;1.0;05.05.2022;0.5;0.0;NA;NA;0.0;NA;NA;0.0;NA;NA;0.0;NA;NA;0.0;NA;NA;20.03.2025;0.0
Treptower_Park;B_Trep_14;13,47515;52,48732;0.0;NA;NA;1.0;05.05.2022;0.5;1.0;29.08.2022;0.0;1.0;05.04.2023;0.0;1.0;20.08.2023;0.0;1.0;19.03.2024;0.0;1.0;14.08.2024;0.0;20.03.2025;0.0
Treptower_Park;B_Trep_15;13,47095;52,48334;0.0;NA;NA;0.0;NA;NA;1.0;29.08.2022;0.0;1.0;05.04.2023;0.0;0.0;NA;NA;1.0;19.03.2024;0.0;1.0;14.08.2024;0.0;20.03.2025;0.0
Treptower_Park;B_Trep_16;13,46380;52,49110;0.0;NA;NA;0.0;NA;NA;1.0;29.08.2022;1.0;1.0;05.04.2023;0.0;1.0;20.08.2023;0.0;1.0;19.03.2024;0.0;1.0;14.08.2024;0.0;20.03.2025;0.0
Treptower_Park;B_Trep_17;13,47013;52,48422;0.0;NA;NA;0.0;NA;NA;0.0;NA;NA;1.0;26.05.2023;0.0;0.0;NA;NA;0.0;NA;NA;0.0;NA;NA;NA;NA
Treptower_Park;B_Trep_18;13,47260;52,48989;0.0;NA;NA;0.0;NA;NA;0.0;NA;NA;1.0;26.05.2023;0.5;0.0;NA;NA;0.0;NA;NA;0.0;NA;NA;NA;NA
Treptower_Park;B_Trep_19;13,46454;52,48780;0.0;NA;NA;0.0;NA;NA;0.0;NA;NA;1.0;26.05.2023;0.5;1.0;20.08.2023;0.5;0.0;NA;NA;0.0;NA;NA;NA;NA
Treptower_Park;B_Trep_02_mobil;13,46407;52,49077;1.0;29.10.2021;0.0;1.0;12.04.2022;0.0;0.0;NA;NA;0.0;NA;NA;0.0;NA;NA;0.0;NA;NA;0.0;NA;NA;NA;NA
Treptower_Park;B_Trep_07_mobil;13,46485;52,49013;0.0;NA;NA;1.0;12.04.2022;0.0;0.0;NA;NA;0.0;NA;NA;0.0;NA;NA;0.0;NA;NA;0.0;NA;NA;NA;NA
Rahnsdorf;B_Rahn_01;13,69587;52,45335;1.0;28.09.2021;1.0;0.0;NA;NA;0.0;NA;NA;0.0;NA;NA;0.0;NA;NA;0.0;NA;NA;0.0;NA;NA;NA;NA
Rahnsdorf;B_Rahn_02;13,69656;52,45383;1.0;28.09.2021;0.5;1.0;24.03.2022;0.5;1.0;07.09.2022;0.5;0.0;NA;NA;1.0;20.08.2023;0.5;1.0;14.03.2024;0.5;1.0;14.08.2024;0.5;20.03.2025;0.5
Rahnsdorf;B_Rahn_03;13,69355;52,45534;1.0;28.09.2021;0.5;1.0;24.03.2022;0.5;1.0;07.09.2022;0.5;0.0;NA;NA;1.0;20.08.2023;0.5;1.0;14.03.2024;0.0;1.0;14.08.2024;0.5;20.03.2025;0.5
Rahnsdorf;B_Rahn_04;13,68803;52,45417;1.0;28.09.2021;1.0;1.0;24.03.2022;1.0;1.0;07.09.2022;1.0;0.0;NA;NA;0.0;NA;NA;0.0;NA;NA;0.0;NA;NA;NA;NA
Rahnsdorf;B_Rahn_05;13,68967;52,45501;1.0;28.09.2021;0.5;1.0;24.03.2022;0.5;1.0;07.09.2022;0.5;0.0;NA;NA;1.0;20.08.2023;0.0;1.0;14.03.2024;0.0;1.0;14.08.2024;0.0;20.03.2025;0.0
Rahnsdorf;B_Rahn_06;13,69606;52,45300;0.0;NA;NA;1.0;24.03.2022;0.5;1.0;07.09.2022;0.5;0.0;NA;NA;1.0;20.08.2023;0.0;1.0;14.03.2024;0.0;1.0;14.08.2024;0.0;20.03.2025;0.0
Rahnsdorf;B_Rahn_07;13,69148;52,45698;0.0;NA;NA;1.0;28.04.2022;0.5;1.0;07.09.2022;0.5;0.0;NA;NA;0.0;NA;NA;1.0;29.04.2024;NA;1.0;14.08.2024;0.0;20.03.2025;0.5
Rahnsdorf;B_Rahn_08;13,68968;52,45608;0.0;NA;NA;1.0;28.04.2022;01. Mai;1.0;07.09.2022;01. Mai;0.0;NA;NA;1.0;20.08.2023;01. Mai;1.0;14.03.2024;01. Mai;1.0;14.08.2024;01. Mai;20.03.2025;1.0
Rahnsdorf;B_Rahn_09;13,68954;52,45827;0.0;NA;NA;1.0;28.04.2022;0.0;1.0;07.09.2022;0.0;0.0;NA;NA;1.0;20.08.2023;0.0;1.0;14.03.2024;0.0;1.0;14.08.2024;0.0;20.03.2025;0.0
Rahnsdorf;B_Rahn_10;13,69019;52,45935;0.0;NA;NA;1.0;28.04.2022;0.5;1.0;07.09.2022;0.0;0.0;NA;NA;0.0;NA;NA;0.0;NA;NA;0.0;NA;NA;NA;NA
Rahnsdorf;B_Rahn_11;13,69498;52,45670;0.0;NA;NA;1.0;28.04.2022;0.5;1.0;07.09.2022;0.5;0.0;NA;NA;1.0;20.08.2023;0.5;1.0;14.03.2024;0.5;1.0;14.08.2024;0.5;20.03.2025;0.5
Rahnsdorf;B_Rahn_12;13,69168;52,45641;0.0;NA;NA;0.0;NA;NA;0.0;NA;NA;0.0;NA;NA;1.0;20.08.2023;0.5;1.0;14.03.2024;0.5;0.0;NA;NA;NA;NA
Rahnsdorf;B_Rahn_13;13,68998;52,45768;0.0;NA;NA;0.0;NA;NA;0.0;NA;NA;0.0;NA;NA;1.0;20.08.2023;0.0;1.0;14.03.2024;0.0;1.0;14.08.2024;0.0;20.03.2025;0.0
Rahnsdorf;B_Rahn_14;13,68829;52,45377;0.0;NA;NA;0.0;NA;NA;0.0;NA;NA;0.0;NA;NA;1.0;20.08.2023;0.0;1.0;14.03.2024;0.0;1.0;14.08.2024;0.0;20.03.2025;0.0
Lilienthal;B_Lilie_01;13,41094;52,48539;0.0;NA;NA;0.0;NA;NA;1.0;31.08.2022;0.5;1.0;05.04.2023;0.5;1.0;20.08.2023;0.5;1.0;14.03.2024;0.5;1.0;14.08.2024;0.0;20.03.2025;0.0
Lilienthal;B_Lilie_02;13,40993;52,48749;0.0;NA;NA;0.0;NA;NA;1.0;31.08.2022;0.5;1.0;05.04.2023;0.5;1.0;20.08.2023;0.5;0.0;NA;NA;1.0;14.08.2024;0.0;20.03.2025;0.0
Lilienthal;B_Lilie_03;13,41320;52,48638;0.0;NA;NA;0.0;NA;NA;1.0;31.08.2022;0.0;1.0;05.04.2023;0.0;1.0;20.08.2023;0.0;1.0;14.03.2024;0.0;1.0;14.08.2024;0.0;20.03.2025;0.0
Lilienthal;B_Lilie_04;13,41129;52,48767;0.0;NA;NA;0.0;NA;NA;1.0;31.08.2022;0.5;1.0;05.04.2023;0.5;1.0;20.08.2023;0.5;1.0;14.03.2024;0.5;1.0;14.08.2024;0.0;20.03.2025;0.0
Lilienthal;B_Lilie_05;13,40845;52,48659;0.0;NA;NA;0.0;NA;NA;1.0;31.08.2022;0.0;1.0;05.04.2023;0.0;1.0;20.08.2023;0.0;0.0;NA;NA;1.0;14.08.2024;0.0;20.03.2025;0.0
Lilienthal;B_Lilie_06;13,40875;52,48638;0.0;NA;NA;0.0;NA;NA;1.0;09.09.2022;0.0;1.0;05.04.2023;0.0;1.0;20.08.2023;0.0;1.0;14.03.2024;0.0;1.0;14.08.2024;0.0;20.03.2025;0.0
Lilienthal;B_Lilie_07;13,40689;52,48550;0.0;NA;NA;0.0;NA;NA;1.0;09.09.2022;0.0;1.0;05.04.2023;0.0;1.0;20.08.2023;0.0;1.0;14.03.2024;0.0;1.0;14.08.2024;0.0;NA;NA
Lilienthal;B_Lilie_08;13,41105;52,48635;0.0;NA;NA;0.0;NA;NA;1.0;09.09.2022;0.0;1.0;05.04.2023;0.0;1.0;20.08.2023;0.0;1.0;14.03.2024;0.0;1.0;14.08.2024;0.0;20.03.2025;0.0
Lilienthal;B_Lilie_09;13,41306;52,48690;0.0;NA;NA;0.0;NA;NA;1.0;09.09.2022;0.0;1.0;05.04.2023;0.0;1.0;20.08.2023;0.0;0.0;NA;NA;1.0;14.08.2024;0.0;20.03.2025;0.0
Lilienthal;B_Lilie_10;13,40878;52,48504;0.0;NA;NA;0.0;NA;NA;1.0;09.09.2022;0.0;1.0;05.04.2023;0.0;1.0;20.08.2023;0.0;1.0;14.03.2024;0.0;1.0;14.08.2024;0.0;20.03.2025;0.0
Lilienthal;B_Lilie_11;13,40707;52,48578;0.0;NA;NA;0.0;NA;NA;0.0;NA;NA;0.0;NA;NA;0.0;NA;NA;0.0;NA;NA;1.0;23.08.2024;0.0;20.03.2025;0.0
